lever,delta_highai,delta_toolcount,delta_jobsat,delta_aithreat,delta_sofriction,lever_pretty,impact_score,strategic_risk
Lever_AIAgentsAny,0.5486080269208695,-0.0057500122925666,0.1352308508455379,0.0374060350967654,0.0930504882730637,Uses AI Agents,0.6021266356683256,High Risk
Lever_AIUseHigh,0.3888919165817223,-0.0040760127287514,0.0958611288673029,0.0265160259541781,0.0659607241375568,High AI Tool Usage (weekly/daily),0.4268296668647445,Medium Risk
Lever_LearnCodeAI,0.3341982270148154,-0.0035027630278664,0.0823792368550277,0.0227868168082711,0.0566840196966462,AI Training Access,0.3668004188859146,Low Risk
Lever_AISentPos,0.078409810983047,-0.0008218205984714,0.0193278715103537,0.0053462581618144,0.0132992425180529,Positive Attitude Toward AI,0.0860589589904438,Low Risk
Lever_NumLangsHigh,0.0311561834362336,-0.0003265508868933,0.0076799408474372,0.0021243387517279,0.005284461654231,Broad Language Stack,0.0341955767909872,Low Risk
Lever_HasSOAccount,0.0239937156047871,-0.000251480388368,0.0059144059455208,0.0016359763692337,0.0040696213743742,Has Stack Overflow Account,0.0263343854725934,No Added Friction
Lever_SQL_any,0.0238517292920298,-0.000249992216479,0.0058794065854305,0.0016262952403809,0.0040455387961365,Has SQL/Data Skill,0.0261785479043912,Low Risk
Lever_SOVisitHigh,-0.0055812485610287,5.8497590736881455e-05,-0.0013757673140958,-0.0003805492616091,-0.0009466465641997,Frequent Stack Overflow Visitor,-0.0061257186442254,Low Risk
